<?xml version="1.0" encoding="UTF-8"?>
<project-private xmlns="http://www.netbeans.org/ns/project-private/1">
    <editor-bookmarks xmlns="http://www.netbeans.org/ns/editor-bookmarks/2" lastBookmarkId="1"/>
    <open-files xmlns="http://www.netbeans.org/ns/projectui-open-files/2">
        <group>
            <file>file:/media/hdd_ext4/alberto/work/NetBeansProjects/ArrayListGUI-incompleto/src/arraylistgui/gui/TableModelVeiculo.java</file>
            <file>file:/media/hdd_ext4/alberto/work/NetBeansProjects/ArrayListGUI-incompleto/src/arraylistgui/gui/Veiculo.java</file>
        </group>
    </open-files>
</project-private>
